Campaign,Ad Group,Ad type,Headline 1,Headline 2,Headline 3,Headline 4,Headline 5,Headline 6,Headline 7,Headline 8,Headline 9,Headline 10,Headline 11,Headline 12,Headline 13,Headline 14,Headline 15,Description 1,Description 2,Description 3,Description 4,Path 1,Path 2,Final URL
Streaming Rádio,streaming para rádio,Responsive search ad,Streaming para Rádio Online,AutoDJ e Ouvintes Ilimitados,Site da Rádio Incluso,Sua Rádio Não Pode Parar,Streaming Mídia Server,Áudio de Até 320 kbps,Painel de Controle Midia Cast,Comece Sua Web Rádio Agora,Coloque Sua Rádio no Ar,"Planos Bronze, Prata e Ouro",Contrate Pela Área do Cliente,Pague com Pix,Suporte por WhatsApp,Web App iOS e Android,"Streaming a Partir de R$ 49,90","Streaming com AutoDJ, ouvintes ilimitados e site da rádio incluso em todos os planos.","Escolha o plano, contrate pela Área do Cliente e pague com Pix. Suporte por WhatsApp.","Áudio de 128 a 320 kbps, painel Midia Cast e Web App para iOS e Android para os ouvintes.","Veja os planos e coloque sua web rádio no ar. Preços reais, sem letras miúdas.",streaming,radio,https://midiaserver.com.br/lp/streaming-radio?utm_source=google&utm_medium=cpc
Streaming Rádio,autodj,Responsive search ad,Streaming para Rádio Online,AutoDJ e Ouvintes Ilimitados,Site da Rádio Incluso,Sua Rádio Não Pode Parar,Streaming Mídia Server,Áudio de Até 320 kbps,Painel de Controle Midia Cast,Comece Sua Web Rádio Agora,Coloque Sua Rádio no Ar,"Planos Bronze, Prata e Ouro",Contrate Pela Área do Cliente,Pague com Pix,Suporte por WhatsApp,Web App iOS e Android,"Streaming a Partir de R$ 49,90","Streaming com AutoDJ, ouvintes ilimitados e site da rádio incluso em todos os planos.","Escolha o plano, contrate pela Área do Cliente e pague com Pix. Suporte por WhatsApp.","Áudio de 128 a 320 kbps, painel Midia Cast e Web App para iOS e Android para os ouvintes.","Veja os planos e coloque sua web rádio no ar. Preços reais, sem letras miúdas.",streaming,radio,https://midiaserver.com.br/lp/streaming-radio?utm_source=google&utm_medium=cpc
Streaming Rádio,shoutcast icecast,Responsive search ad,Streaming para Rádio Online,AutoDJ e Ouvintes Ilimitados,Site da Rádio Incluso,Sua Rádio Não Pode Parar,Streaming Mídia Server,Áudio de Até 320 kbps,Painel de Controle Midia Cast,Comece Sua Web Rádio Agora,Coloque Sua Rádio no Ar,"Planos Bronze, Prata e Ouro",Contrate Pela Área do Cliente,Pague com Pix,Suporte por WhatsApp,Web App iOS e Android,"Streaming a Partir de R$ 49,90","Streaming com AutoDJ, ouvintes ilimitados e site da rádio incluso em todos os planos.","Escolha o plano, contrate pela Área do Cliente e pague com Pix. Suporte por WhatsApp.","Áudio de 128 a 320 kbps, painel Midia Cast e Web App para iOS e Android para os ouvintes.","Veja os planos e coloque sua web rádio no ar. Preços reais, sem letras miúdas.",streaming,radio,https://midiaserver.com.br/lp/streaming-radio?utm_source=google&utm_medium=cpc
Hospedagem cPanel,hospedagem de sites,Responsive search ad,Hospedagem cPanel com NVMe,SSL Grátis em Todos os Planos,Hospedagem de Sites Rápida,Transferência Ilimitada,Seu Site no Ar com Segurança,"Hospedagem desde R$ 19,90",Contas de E-mail Inclusas,Backup Semanal e Diário,Painel cPanel Completo,Contrate Pela Área do Cliente,Pague com Pix,Suporte por WhatsApp,Bancos de Dados MySQL,Hospedagem Mídia Server,Planos Bronze a Premium,"Hospedagem com cPanel, disco NVMe, SSL grátis e transferência ilimitada. Veja os planos.","Do site pessoal à loja virtual: escolha o plano, contrate online e pague com Pix.","E-mails, bancos MySQL e backup (semanal ou diário, conforme o plano). Suporte humano.",Compare os 4 planos e contrate pela Área do Cliente. Preço mensal claro.,hospedagem,cpanel,https://midiaserver.com.br/lp/hospedagem-cpanel?utm_source=google&utm_medium=cpc
Hospedagem cPanel,hospedagem cpanel,Responsive search ad,Hospedagem cPanel com NVMe,SSL Grátis em Todos os Planos,Hospedagem de Sites Rápida,Transferência Ilimitada,Seu Site no Ar com Segurança,"Hospedagem desde R$ 19,90",Contas de E-mail Inclusas,Backup Semanal e Diário,Painel cPanel Completo,Contrate Pela Área do Cliente,Pague com Pix,Suporte por WhatsApp,Bancos de Dados MySQL,Hospedagem Mídia Server,Planos Bronze a Premium,"Hospedagem com cPanel, disco NVMe, SSL grátis e transferência ilimitada. Veja os planos.","Do site pessoal à loja virtual: escolha o plano, contrate online e pague com Pix.","E-mails, bancos MySQL e backup (semanal ou diário, conforme o plano). Suporte humano.",Compare os 4 planos e contrate pela Área do Cliente. Preço mensal claro.,hospedagem,cpanel,https://midiaserver.com.br/lp/hospedagem-cpanel?utm_source=google&utm_medium=cpc
Hospedagem cPanel,hospedagem ssl nvme,Responsive search ad,Hospedagem cPanel com NVMe,SSL Grátis em Todos os Planos,Hospedagem de Sites Rápida,Transferência Ilimitada,Seu Site no Ar com Segurança,"Hospedagem desde R$ 19,90",Contas de E-mail Inclusas,Backup Semanal e Diário,Painel cPanel Completo,Contrate Pela Área do Cliente,Pague com Pix,Suporte por WhatsApp,Bancos de Dados MySQL,Hospedagem Mídia Server,Planos Bronze a Premium,"Hospedagem com cPanel, disco NVMe, SSL grátis e transferência ilimitada. Veja os planos.","Do site pessoal à loja virtual: escolha o plano, contrate online e pague com Pix.","E-mails, bancos MySQL e backup (semanal ou diário, conforme o plano). Suporte humano.",Compare os 4 planos e contrate pela Área do Cliente. Preço mensal claro.,hospedagem,cpanel,https://midiaserver.com.br/lp/hospedagem-cpanel?utm_source=google&utm_medium=cpc
Revenda Hospedagem,revenda de hospedagem,Responsive search ad,Revenda de Hospedagem WHM,Abra Sua Empresa de Hospedagem,Marca Própria nos Planos,Contas cPanel: 10 a Ilimitadas,"Revenda a Partir de R$ 49,90",Painel WHM Completo,Disco NVMe de 50 a 500 GB,Transferência Ilimitada,Comece Sua Revenda Hoje,Planos Bronze a Premium,Contrate Pela Área do Cliente,Pague com Pix,Suporte por WhatsApp,Crie Seus Próprios Planos,Revenda Mídia Server,"Revenda com painel WHM e contas cPanel. Marca própria nos planos Prata, Ouro e Premium.",Crie seus planos e hospede seus clientes. Disco NVMe de 50 a 500 GB e tráfego ilimitado.,"Escolha o plano, contrate pela Área do Cliente e comece sua revenda. Suporte por WhatsApp.",Compare os 4 planos de revenda e veja qual cabe no seu projeto.,revenda,hospedagem,https://midiaserver.com.br/lp/revenda-hospedagem?utm_source=google&utm_medium=cpc
Revenda Hospedagem,abrir empresa de hospedagem,Responsive search ad,Revenda de Hospedagem WHM,Abra Sua Empresa de Hospedagem,Marca Própria nos Planos,Contas cPanel: 10 a Ilimitadas,"Revenda a Partir de R$ 49,90",Painel WHM Completo,Disco NVMe de 50 a 500 GB,Transferência Ilimitada,Comece Sua Revenda Hoje,Planos Bronze a Premium,Contrate Pela Área do Cliente,Pague com Pix,Suporte por WhatsApp,Crie Seus Próprios Planos,Revenda Mídia Server,"Revenda com painel WHM e contas cPanel. Marca própria nos planos Prata, Ouro e Premium.",Crie seus planos e hospede seus clientes. Disco NVMe de 50 a 500 GB e tráfego ilimitado.,"Escolha o plano, contrate pela Área do Cliente e comece sua revenda. Suporte por WhatsApp.",Compare os 4 planos de revenda e veja qual cabe no seu projeto.,revenda,hospedagem,https://midiaserver.com.br/lp/revenda-hospedagem?utm_source=google&utm_medium=cpc
Revenda Streaming,revenda de streaming,Responsive search ad,Revenda de Streaming,Streaming é o Seu Negócio,Venda com Sua Marca,Painel de Revenda Próprio,De 5 a 60 Contas de Streaming,Sub-revendas nos Planos,Ouvintes Ilimitados,"Revenda a Partir de R$ 69,90",Comece Sua Revenda Hoje,Contrate Pela Área do Cliente,Pague com Pix,Suporte por WhatsApp,Planos Bronze a Premium,Revenda Mídia Server,Atenda Suas Rádios Clientes,"Revenda de streaming com painel próprio, marca própria e de 5 a 60 contas de streaming.",Venda streaming para rádios com a sua marca. Sub-revendas a partir do plano Prata.,Disco compartilhado de 50 a 250 GB e ouvintes ilimitados. Contrate pela Área do Cliente.,Veja os 4 planos de revenda de streaming e comece o seu negócio.,revenda,streaming,https://midiaserver.com.br/lp/revenda-streaming?utm_source=google&utm_medium=cpc
Revenda Streaming,ser revendedor de streaming,Responsive search ad,Revenda de Streaming,Streaming é o Seu Negócio,Venda com Sua Marca,Painel de Revenda Próprio,De 5 a 60 Contas de Streaming,Sub-revendas nos Planos,Ouvintes Ilimitados,"Revenda a Partir de R$ 69,90",Comece Sua Revenda Hoje,Contrate Pela Área do Cliente,Pague com Pix,Suporte por WhatsApp,Planos Bronze a Premium,Revenda Mídia Server,Atenda Suas Rádios Clientes,"Revenda de streaming com painel próprio, marca própria e de 5 a 60 contas de streaming.",Venda streaming para rádios com a sua marca. Sub-revendas a partir do plano Prata.,Disco compartilhado de 50 a 250 GB e ouvintes ilimitados. Contrate pela Área do Cliente.,Veja os 4 planos de revenda de streaming e comece o seu negócio.,revenda,streaming,https://midiaserver.com.br/lp/revenda-streaming?utm_source=google&utm_medium=cpc
Automação de Rádio,automação de rádio,Responsive search ad,Automação de Rádio Windows,Mídia Rádio Studio,Baixe Grátis e Teste,Playlist com Mixagem,Cartucheira de Vinhetas,Grade de Programação,Hora Certa e Temperatura,Relatório de Comerciais,"Automação a R$ 59,90/Mês","Para FM, Web e Comunitária",Compatível com ZaraRadio,Suporte no WhatsApp,Rádio no Ar 24 Horas,Teste Sem Cartão,Licença para 1 Computador,"Automação completa para rádio FM, web e comunitária: playlist, cartucheira e grade.",Baixe grátis e teste no seu computador com Windows 10 ou 11. Assine quando quiser.,"Hora certa compatível com ZaraRadio, relatórios em PDF e Excel e backup diário.",Plano mensal ou anual com desconto. Pague com Pix pela Área do Cliente.,automacao,radio,https://midiaserver.com.br/lp/automacao-radio?utm_source=google&utm_medium=cpc
Automação de Rádio,software para rádio,Responsive search ad,Automação de Rádio Windows,Mídia Rádio Studio,Baixe Grátis e Teste,Playlist com Mixagem,Cartucheira de Vinhetas,Grade de Programação,Hora Certa e Temperatura,Relatório de Comerciais,"Automação a R$ 59,90/Mês","Para FM, Web e Comunitária",Compatível com ZaraRadio,Suporte no WhatsApp,Rádio no Ar 24 Horas,Teste Sem Cartão,Licença para 1 Computador,"Automação completa para rádio FM, web e comunitária: playlist, cartucheira e grade.",Baixe grátis e teste no seu computador com Windows 10 ou 11. Assine quando quiser.,"Hora certa compatível com ZaraRadio, relatórios em PDF e Excel e backup diário.",Plano mensal ou anual com desconto. Pague com Pix pela Área do Cliente.,automacao,radio,https://midiaserver.com.br/lp/automacao-radio?utm_source=google&utm_medium=cpc
Automação de Rádio,cartucheira e hora certa,Responsive search ad,Automação de Rádio Windows,Mídia Rádio Studio,Baixe Grátis e Teste,Playlist com Mixagem,Cartucheira de Vinhetas,Grade de Programação,Hora Certa e Temperatura,Relatório de Comerciais,"Automação a R$ 59,90/Mês","Para FM, Web e Comunitária",Compatível com ZaraRadio,Suporte no WhatsApp,Rádio no Ar 24 Horas,Teste Sem Cartão,Licença para 1 Computador,"Automação completa para rádio FM, web e comunitária: playlist, cartucheira e grade.",Baixe grátis e teste no seu computador com Windows 10 ou 11. Assine quando quiser.,"Hora certa compatível com ZaraRadio, relatórios em PDF e Excel e backup diário.",Plano mensal ou anual com desconto. Pague com Pix pela Área do Cliente.,automacao,radio,https://midiaserver.com.br/lp/automacao-radio?utm_source=google&utm_medium=cpc
Conteúdos para Rádios,programas para rádio,Responsive search ad,Conteúdo para Rádio,Programas e Programetes,Atualizados Todos os Dias,Direto no Computador da Rádio,Conteúdo Gospel e Secular,Fim de Semana Incluso,Sincronização Automática,"Planos a Partir de R$ 89,90",Mais de 450 Conteúdos,Ouça Amostras Antes,Para FM e Web Rádio,Contrate Pela Área do Cliente,Pague com Pix,Suporte por WhatsApp,Conteúdos Mídia Server,"Programas, programetes e conteúdo de fim de semana atualizados todos os dias na sua rádio.",O aplicativo sincroniza uma pasta do computador da rádio. Aponte a sua automação e pronto.,Mais de 450 conteúdos em 23 categorias. Ouça amostras e escolha o pacote ideal.,"Pacotes Básico, Intermediário e Profissional. Contrate pela Área do Cliente.",conteudos,radio,https://midiaserver.com.br/lp/conteudos-para-radio?utm_source=google&utm_medium=cpc
Conteúdos para Rádios,programetes,Responsive search ad,Conteúdo para Rádio,Programas e Programetes,Atualizados Todos os Dias,Direto no Computador da Rádio,Conteúdo Gospel e Secular,Fim de Semana Incluso,Sincronização Automática,"Planos a Partir de R$ 89,90",Mais de 450 Conteúdos,Ouça Amostras Antes,Para FM e Web Rádio,Contrate Pela Área do Cliente,Pague com Pix,Suporte por WhatsApp,Conteúdos Mídia Server,"Programas, programetes e conteúdo de fim de semana atualizados todos os dias na sua rádio.",O aplicativo sincroniza uma pasta do computador da rádio. Aponte a sua automação e pronto.,Mais de 450 conteúdos em 23 categorias. Ouça amostras e escolha o pacote ideal.,"Pacotes Básico, Intermediário e Profissional. Contrate pela Área do Cliente.",conteudos,radio,https://midiaserver.com.br/lp/conteudos-para-radio?utm_source=google&utm_medium=cpc
Conteúdos para Rádios,conteúdo para rádio,Responsive search ad,Conteúdo para Rádio,Programas e Programetes,Atualizados Todos os Dias,Direto no Computador da Rádio,Conteúdo Gospel e Secular,Fim de Semana Incluso,Sincronização Automática,"Planos a Partir de R$ 89,90",Mais de 450 Conteúdos,Ouça Amostras Antes,Para FM e Web Rádio,Contrate Pela Área do Cliente,Pague com Pix,Suporte por WhatsApp,Conteúdos Mídia Server,"Programas, programetes e conteúdo de fim de semana atualizados todos os dias na sua rádio.",O aplicativo sincroniza uma pasta do computador da rádio. Aponte a sua automação e pronto.,Mais de 450 conteúdos em 23 categorias. Ouça amostras e escolha o pacote ideal.,"Pacotes Básico, Intermediário e Profissional. Contrate pela Área do Cliente.",conteudos,radio,https://midiaserver.com.br/lp/conteudos-para-radio?utm_source=google&utm_medium=cpc
Sites para Rádio,site para rádio,Responsive search ad,Site para Web Rádio,15 Modelos de Site,Player ao Vivo no Site,Notícias Automáticas,Painel Fácil de Editar,"Site a Partir de R$ 29,90",Grátis nos Planos de Streaming,Programação e Equipe,Funciona no Celular,Veja as Demonstrações,Contrate Pela Área do Cliente,Pague com Pix,Suporte por WhatsApp,Site Mídia Server,Seu Site de Rádio no Ar,"Site profissional para sua web rádio: player ao vivo, notícias automáticas e painel fácil.",Escolha entre 15 modelos e veja as demonstrações. Grátis em todos os planos de streaming.,"Sem programador: troque logo, cores, banners, textos, programação e equipe pelo painel.",Contrate pela Área do Cliente e receba o acesso assim que o pagamento for confirmado.,site,radio,https://midiaserver.com.br/lp/site-para-radio?utm_source=google&utm_medium=cpc
Sites para Rádio,modelos de site,Responsive search ad,Site para Web Rádio,15 Modelos de Site,Player ao Vivo no Site,Notícias Automáticas,Painel Fácil de Editar,"Site a Partir de R$ 29,90",Grátis nos Planos de Streaming,Programação e Equipe,Funciona no Celular,Veja as Demonstrações,Contrate Pela Área do Cliente,Pague com Pix,Suporte por WhatsApp,Site Mídia Server,Seu Site de Rádio no Ar,"Site profissional para sua web rádio: player ao vivo, notícias automáticas e painel fácil.",Escolha entre 15 modelos e veja as demonstrações. Grátis em todos os planos de streaming.,"Sem programador: troque logo, cores, banners, textos, programação e equipe pelo painel.",Contrate pela Área do Cliente e receba o acesso assim que o pagamento for confirmado.,site,radio,https://midiaserver.com.br/lp/site-para-radio?utm_source=google&utm_medium=cpc
Web Rádio Completa,criar rádio online,Responsive search ad,Crie Sua Rádio Online,Streaming + AutoDJ + Site,Web Rádio Completa,Endereço Grátis Para o Site,Tudo em um Só Lugar,Player e Painel de Controle,"Comece a Partir de R$ 49,90",Ouvintes Ilimitados,Site Administrável Incluso,Coloque Sua Rádio no Ar,Contrate Pela Área do Cliente,Pague com Pix,Suporte por WhatsApp,Apps e Web App Inclusos,Web Rádio Mídia Server,"Streaming, AutoDJ, site com player e painel para sua rádio online. Tudo em um só lugar.","O site vem incluso em todos os planos de streaming, com endereço grátis ou o seu domínio.","Comece rápido: contrate pela Área do Cliente, envie as músicas e personalize o site.","Planos Bronze, Prata e Ouro. Pague com Pix e conte com o suporte por WhatsApp.",web-radio,completa,https://midiaserver.com.br/lp/web-radio-completa?utm_source=google&utm_medium=cpc
Web Rádio Completa,web rádio completa,Responsive search ad,Crie Sua Rádio Online,Streaming + AutoDJ + Site,Web Rádio Completa,Endereço Grátis Para o Site,Tudo em um Só Lugar,Player e Painel de Controle,"Comece a Partir de R$ 49,90",Ouvintes Ilimitados,Site Administrável Incluso,Coloque Sua Rádio no Ar,Contrate Pela Área do Cliente,Pague com Pix,Suporte por WhatsApp,Apps e Web App Inclusos,Web Rádio Mídia Server,"Streaming, AutoDJ, site com player e painel para sua rádio online. Tudo em um só lugar.","O site vem incluso em todos os planos de streaming, com endereço grátis ou o seu domínio.","Comece rápido: contrate pela Área do Cliente, envie as músicas e personalize o site.","Planos Bronze, Prata e Ouro. Pague com Pix e conte com o suporte por WhatsApp.",web-radio,completa,https://midiaserver.com.br/lp/web-radio-completa?utm_source=google&utm_medium=cpc
Marca,marca,Responsive search ad,Mídia Server Oficial,Hospedagem e Streaming,Automação para Rádios,Conteúdos para Rádios,Sites para Web Rádio,Revenda de Hospedagem,Revenda de Streaming,Área do Cliente,Contrate Online,Pague com Pix,Suporte por WhatsApp,Tudo para Sua Rádio,Hospedagem cPanel,Streaming com AutoDJ,Veja Todos os Serviços,"Hospedagem, streaming, automação, sites e conteúdos para rádios em um só lugar.","Contrate pela Área do Cliente, pague com Pix e conte com suporte por WhatsApp.","Conheça os planos de hospedagem cPanel, streaming com AutoDJ e o Mídia Rádio Studio.",Revenda de hospedagem e de streaming com marca própria. Veja os planos.,midiaserver,oficial,https://midiaserver.com.br/?utm_source=google&utm_medium=cpc
