Campaign,Keyword,Criterion Type
Streaming Rádio,grátis para sempre,Negative Phrase
Streaming Rádio,gratuita,Negative Phrase
Streaming Rádio,emprego,Negative Phrase
Streaming Rádio,vaga,Negative Phrase
Streaming Rádio,curso,Negative Phrase
Streaming Rádio,apostila,Negative Phrase
Streaming Rádio,pdf,Negative Phrase
Streaming Rádio,torrent,Negative Phrase
Streaming Rádio,crack,Negative Phrase
Streaming Rádio,pirata,Negative Phrase
Streaming Rádio,apk,Negative Phrase
Streaming Rádio,baixar música,Negative Phrase
Streaming Rádio,letra,Negative Phrase
Streaming Rádio,cifra,Negative Phrase
Streaming Rádio,rádio ao vivo,Negative Phrase
Streaming Rádio,ouvir rádio,Negative Phrase
Streaming Rádio,rádio fm ao vivo,Negative Phrase
Streaming Rádio,frequência,Negative Phrase
Streaming Rádio,antena,Negative Phrase
Streaming Rádio,transmissor,Negative Phrase
Streaming Rádio,concurso,Negative Phrase
Streaming Rádio,wikipedia,Negative Phrase
Streaming Rádio,o que é,Negative Phrase
Streaming Rádio,reclame aqui,Negative Phrase
Streaming Rádio,login,Negative Phrase
Streaming Rádio,webmail,Negative Phrase
Streaming Rádio,revenda de produtos,Negative Phrase
Streaming Rádio,imobiliária,Negative Phrase
Streaming Rádio,hospedagem de hotel,Negative Phrase
Streaming Rádio,hotel,Negative Phrase
Streaming Rádio,pousada,Negative Phrase
Streaming Rádio,hospedagem airbnb,Negative Phrase
Streaming Rádio,iptv,Negative Phrase
Streaming Rádio,lista iptv,Negative Phrase
Streaming Rádio,canais iptv,Negative Phrase
Streaming Rádio,jogos,Negative Phrase
Streaming Rádio,servidor minecraft,Negative Phrase
Streaming Rádio,servidor de jogos,Negative Phrase
Hospedagem cPanel,grátis para sempre,Negative Phrase
Hospedagem cPanel,gratuita,Negative Phrase
Hospedagem cPanel,emprego,Negative Phrase
Hospedagem cPanel,vaga,Negative Phrase
Hospedagem cPanel,curso,Negative Phrase
Hospedagem cPanel,apostila,Negative Phrase
Hospedagem cPanel,pdf,Negative Phrase
Hospedagem cPanel,torrent,Negative Phrase
Hospedagem cPanel,crack,Negative Phrase
Hospedagem cPanel,pirata,Negative Phrase
Hospedagem cPanel,apk,Negative Phrase
Hospedagem cPanel,baixar música,Negative Phrase
Hospedagem cPanel,letra,Negative Phrase
Hospedagem cPanel,cifra,Negative Phrase
Hospedagem cPanel,rádio ao vivo,Negative Phrase
Hospedagem cPanel,ouvir rádio,Negative Phrase
Hospedagem cPanel,rádio fm ao vivo,Negative Phrase
Hospedagem cPanel,frequência,Negative Phrase
Hospedagem cPanel,antena,Negative Phrase
Hospedagem cPanel,transmissor,Negative Phrase
Hospedagem cPanel,concurso,Negative Phrase
Hospedagem cPanel,wikipedia,Negative Phrase
Hospedagem cPanel,o que é,Negative Phrase
Hospedagem cPanel,reclame aqui,Negative Phrase
Hospedagem cPanel,login,Negative Phrase
Hospedagem cPanel,webmail,Negative Phrase
Hospedagem cPanel,revenda de produtos,Negative Phrase
Hospedagem cPanel,imobiliária,Negative Phrase
Hospedagem cPanel,hospedagem de hotel,Negative Phrase
Hospedagem cPanel,hotel,Negative Phrase
Hospedagem cPanel,pousada,Negative Phrase
Hospedagem cPanel,hospedagem airbnb,Negative Phrase
Hospedagem cPanel,iptv,Negative Phrase
Hospedagem cPanel,lista iptv,Negative Phrase
Hospedagem cPanel,canais iptv,Negative Phrase
Hospedagem cPanel,jogos,Negative Phrase
Hospedagem cPanel,servidor minecraft,Negative Phrase
Hospedagem cPanel,servidor de jogos,Negative Phrase
Revenda Hospedagem,grátis para sempre,Negative Phrase
Revenda Hospedagem,gratuita,Negative Phrase
Revenda Hospedagem,emprego,Negative Phrase
Revenda Hospedagem,vaga,Negative Phrase
Revenda Hospedagem,curso,Negative Phrase
Revenda Hospedagem,apostila,Negative Phrase
Revenda Hospedagem,pdf,Negative Phrase
Revenda Hospedagem,torrent,Negative Phrase
Revenda Hospedagem,crack,Negative Phrase
Revenda Hospedagem,pirata,Negative Phrase
Revenda Hospedagem,apk,Negative Phrase
Revenda Hospedagem,baixar música,Negative Phrase
Revenda Hospedagem,letra,Negative Phrase
Revenda Hospedagem,cifra,Negative Phrase
Revenda Hospedagem,rádio ao vivo,Negative Phrase
Revenda Hospedagem,ouvir rádio,Negative Phrase
Revenda Hospedagem,rádio fm ao vivo,Negative Phrase
Revenda Hospedagem,frequência,Negative Phrase
Revenda Hospedagem,antena,Negative Phrase
Revenda Hospedagem,transmissor,Negative Phrase
Revenda Hospedagem,concurso,Negative Phrase
Revenda Hospedagem,wikipedia,Negative Phrase
Revenda Hospedagem,o que é,Negative Phrase
Revenda Hospedagem,reclame aqui,Negative Phrase
Revenda Hospedagem,login,Negative Phrase
Revenda Hospedagem,webmail,Negative Phrase
Revenda Hospedagem,revenda de produtos,Negative Phrase
Revenda Hospedagem,imobiliária,Negative Phrase
Revenda Hospedagem,hospedagem de hotel,Negative Phrase
Revenda Hospedagem,hotel,Negative Phrase
Revenda Hospedagem,pousada,Negative Phrase
Revenda Hospedagem,hospedagem airbnb,Negative Phrase
Revenda Hospedagem,iptv,Negative Phrase
Revenda Hospedagem,lista iptv,Negative Phrase
Revenda Hospedagem,canais iptv,Negative Phrase
Revenda Hospedagem,jogos,Negative Phrase
Revenda Hospedagem,servidor minecraft,Negative Phrase
Revenda Hospedagem,servidor de jogos,Negative Phrase
Revenda Streaming,grátis para sempre,Negative Phrase
Revenda Streaming,gratuita,Negative Phrase
Revenda Streaming,emprego,Negative Phrase
Revenda Streaming,vaga,Negative Phrase
Revenda Streaming,curso,Negative Phrase
Revenda Streaming,apostila,Negative Phrase
Revenda Streaming,pdf,Negative Phrase
Revenda Streaming,torrent,Negative Phrase
Revenda Streaming,crack,Negative Phrase
Revenda Streaming,pirata,Negative Phrase
Revenda Streaming,apk,Negative Phrase
Revenda Streaming,baixar música,Negative Phrase
Revenda Streaming,letra,Negative Phrase
Revenda Streaming,cifra,Negative Phrase
Revenda Streaming,rádio ao vivo,Negative Phrase
Revenda Streaming,ouvir rádio,Negative Phrase
Revenda Streaming,rádio fm ao vivo,Negative Phrase
Revenda Streaming,frequência,Negative Phrase
Revenda Streaming,antena,Negative Phrase
Revenda Streaming,transmissor,Negative Phrase
Revenda Streaming,concurso,Negative Phrase
Revenda Streaming,wikipedia,Negative Phrase
Revenda Streaming,o que é,Negative Phrase
Revenda Streaming,reclame aqui,Negative Phrase
Revenda Streaming,login,Negative Phrase
Revenda Streaming,webmail,Negative Phrase
Revenda Streaming,revenda de produtos,Negative Phrase
Revenda Streaming,imobiliária,Negative Phrase
Revenda Streaming,hospedagem de hotel,Negative Phrase
Revenda Streaming,hotel,Negative Phrase
Revenda Streaming,pousada,Negative Phrase
Revenda Streaming,hospedagem airbnb,Negative Phrase
Revenda Streaming,iptv,Negative Phrase
Revenda Streaming,lista iptv,Negative Phrase
Revenda Streaming,canais iptv,Negative Phrase
Revenda Streaming,jogos,Negative Phrase
Revenda Streaming,servidor minecraft,Negative Phrase
Revenda Streaming,servidor de jogos,Negative Phrase
Automação de Rádio,grátis para sempre,Negative Phrase
Automação de Rádio,gratuita,Negative Phrase
Automação de Rádio,emprego,Negative Phrase
Automação de Rádio,vaga,Negative Phrase
Automação de Rádio,curso,Negative Phrase
Automação de Rádio,apostila,Negative Phrase
Automação de Rádio,pdf,Negative Phrase
Automação de Rádio,torrent,Negative Phrase
Automação de Rádio,crack,Negative Phrase
Automação de Rádio,pirata,Negative Phrase
Automação de Rádio,apk,Negative Phrase
Automação de Rádio,baixar música,Negative Phrase
Automação de Rádio,letra,Negative Phrase
Automação de Rádio,cifra,Negative Phrase
Automação de Rádio,rádio ao vivo,Negative Phrase
Automação de Rádio,ouvir rádio,Negative Phrase
Automação de Rádio,rádio fm ao vivo,Negative Phrase
Automação de Rádio,frequência,Negative Phrase
Automação de Rádio,antena,Negative Phrase
Automação de Rádio,transmissor,Negative Phrase
Automação de Rádio,concurso,Negative Phrase
Automação de Rádio,wikipedia,Negative Phrase
Automação de Rádio,o que é,Negative Phrase
Automação de Rádio,reclame aqui,Negative Phrase
Automação de Rádio,login,Negative Phrase
Automação de Rádio,webmail,Negative Phrase
Automação de Rádio,revenda de produtos,Negative Phrase
Automação de Rádio,imobiliária,Negative Phrase
Automação de Rádio,hospedagem de hotel,Negative Phrase
Automação de Rádio,hotel,Negative Phrase
Automação de Rádio,pousada,Negative Phrase
Automação de Rádio,hospedagem airbnb,Negative Phrase
Automação de Rádio,iptv,Negative Phrase
Automação de Rádio,lista iptv,Negative Phrase
Automação de Rádio,canais iptv,Negative Phrase
Automação de Rádio,jogos,Negative Phrase
Automação de Rádio,servidor minecraft,Negative Phrase
Automação de Rádio,servidor de jogos,Negative Phrase
Conteúdos para Rádios,grátis para sempre,Negative Phrase
Conteúdos para Rádios,gratuita,Negative Phrase
Conteúdos para Rádios,emprego,Negative Phrase
Conteúdos para Rádios,vaga,Negative Phrase
Conteúdos para Rádios,curso,Negative Phrase
Conteúdos para Rádios,apostila,Negative Phrase
Conteúdos para Rádios,pdf,Negative Phrase
Conteúdos para Rádios,torrent,Negative Phrase
Conteúdos para Rádios,crack,Negative Phrase
Conteúdos para Rádios,pirata,Negative Phrase
Conteúdos para Rádios,apk,Negative Phrase
Conteúdos para Rádios,baixar música,Negative Phrase
Conteúdos para Rádios,letra,Negative Phrase
Conteúdos para Rádios,cifra,Negative Phrase
Conteúdos para Rádios,rádio ao vivo,Negative Phrase
Conteúdos para Rádios,ouvir rádio,Negative Phrase
Conteúdos para Rádios,rádio fm ao vivo,Negative Phrase
Conteúdos para Rádios,frequência,Negative Phrase
Conteúdos para Rádios,antena,Negative Phrase
Conteúdos para Rádios,transmissor,Negative Phrase
Conteúdos para Rádios,concurso,Negative Phrase
Conteúdos para Rádios,wikipedia,Negative Phrase
Conteúdos para Rádios,o que é,Negative Phrase
Conteúdos para Rádios,reclame aqui,Negative Phrase
Conteúdos para Rádios,login,Negative Phrase
Conteúdos para Rádios,webmail,Negative Phrase
Conteúdos para Rádios,revenda de produtos,Negative Phrase
Conteúdos para Rádios,imobiliária,Negative Phrase
Conteúdos para Rádios,hospedagem de hotel,Negative Phrase
Conteúdos para Rádios,hotel,Negative Phrase
Conteúdos para Rádios,pousada,Negative Phrase
Conteúdos para Rádios,hospedagem airbnb,Negative Phrase
Conteúdos para Rádios,iptv,Negative Phrase
Conteúdos para Rádios,lista iptv,Negative Phrase
Conteúdos para Rádios,canais iptv,Negative Phrase
Conteúdos para Rádios,jogos,Negative Phrase
Conteúdos para Rádios,servidor minecraft,Negative Phrase
Conteúdos para Rádios,servidor de jogos,Negative Phrase
Sites para Rádio,grátis para sempre,Negative Phrase
Sites para Rádio,gratuita,Negative Phrase
Sites para Rádio,emprego,Negative Phrase
Sites para Rádio,vaga,Negative Phrase
Sites para Rádio,curso,Negative Phrase
Sites para Rádio,apostila,Negative Phrase
Sites para Rádio,pdf,Negative Phrase
Sites para Rádio,torrent,Negative Phrase
Sites para Rádio,crack,Negative Phrase
Sites para Rádio,pirata,Negative Phrase
Sites para Rádio,apk,Negative Phrase
Sites para Rádio,baixar música,Negative Phrase
Sites para Rádio,letra,Negative Phrase
Sites para Rádio,cifra,Negative Phrase
Sites para Rádio,rádio ao vivo,Negative Phrase
Sites para Rádio,ouvir rádio,Negative Phrase
Sites para Rádio,rádio fm ao vivo,Negative Phrase
Sites para Rádio,frequência,Negative Phrase
Sites para Rádio,antena,Negative Phrase
Sites para Rádio,transmissor,Negative Phrase
Sites para Rádio,concurso,Negative Phrase
Sites para Rádio,wikipedia,Negative Phrase
Sites para Rádio,o que é,Negative Phrase
Sites para Rádio,reclame aqui,Negative Phrase
Sites para Rádio,login,Negative Phrase
Sites para Rádio,webmail,Negative Phrase
Sites para Rádio,revenda de produtos,Negative Phrase
Sites para Rádio,imobiliária,Negative Phrase
Sites para Rádio,hospedagem de hotel,Negative Phrase
Sites para Rádio,hotel,Negative Phrase
Sites para Rádio,pousada,Negative Phrase
Sites para Rádio,hospedagem airbnb,Negative Phrase
Sites para Rádio,iptv,Negative Phrase
Sites para Rádio,lista iptv,Negative Phrase
Sites para Rádio,canais iptv,Negative Phrase
Sites para Rádio,jogos,Negative Phrase
Sites para Rádio,servidor minecraft,Negative Phrase
Sites para Rádio,servidor de jogos,Negative Phrase
Web Rádio Completa,grátis para sempre,Negative Phrase
Web Rádio Completa,gratuita,Negative Phrase
Web Rádio Completa,emprego,Negative Phrase
Web Rádio Completa,vaga,Negative Phrase
Web Rádio Completa,curso,Negative Phrase
Web Rádio Completa,apostila,Negative Phrase
Web Rádio Completa,pdf,Negative Phrase
Web Rádio Completa,torrent,Negative Phrase
Web Rádio Completa,crack,Negative Phrase
Web Rádio Completa,pirata,Negative Phrase
Web Rádio Completa,apk,Negative Phrase
Web Rádio Completa,baixar música,Negative Phrase
Web Rádio Completa,letra,Negative Phrase
Web Rádio Completa,cifra,Negative Phrase
Web Rádio Completa,rádio ao vivo,Negative Phrase
Web Rádio Completa,ouvir rádio,Negative Phrase
Web Rádio Completa,rádio fm ao vivo,Negative Phrase
Web Rádio Completa,frequência,Negative Phrase
Web Rádio Completa,antena,Negative Phrase
Web Rádio Completa,transmissor,Negative Phrase
Web Rádio Completa,concurso,Negative Phrase
Web Rádio Completa,wikipedia,Negative Phrase
Web Rádio Completa,o que é,Negative Phrase
Web Rádio Completa,reclame aqui,Negative Phrase
Web Rádio Completa,login,Negative Phrase
Web Rádio Completa,webmail,Negative Phrase
Web Rádio Completa,revenda de produtos,Negative Phrase
Web Rádio Completa,imobiliária,Negative Phrase
Web Rádio Completa,hospedagem de hotel,Negative Phrase
Web Rádio Completa,hotel,Negative Phrase
Web Rádio Completa,pousada,Negative Phrase
Web Rádio Completa,hospedagem airbnb,Negative Phrase
Web Rádio Completa,iptv,Negative Phrase
Web Rádio Completa,lista iptv,Negative Phrase
Web Rádio Completa,canais iptv,Negative Phrase
Web Rádio Completa,jogos,Negative Phrase
Web Rádio Completa,servidor minecraft,Negative Phrase
Web Rádio Completa,servidor de jogos,Negative Phrase
