Campaign,Ad Group,Keyword,Criterion Type,Final URL
Streaming Rádio,streaming para rádio,streaming para rádio,Exact,https://midiaserver.com.br/lp/streaming-radio?utm_source=google&utm_medium=cpc
Streaming Rádio,streaming para rádio,streaming para rádio,Phrase,https://midiaserver.com.br/lp/streaming-radio?utm_source=google&utm_medium=cpc
Streaming Rádio,streaming para rádio,streaming de áudio para rádio,Exact,https://midiaserver.com.br/lp/streaming-radio?utm_source=google&utm_medium=cpc
Streaming Rádio,streaming para rádio,streaming de áudio para rádio,Phrase,https://midiaserver.com.br/lp/streaming-radio?utm_source=google&utm_medium=cpc
Streaming Rádio,streaming para rádio,streaming rádio online,Exact,https://midiaserver.com.br/lp/streaming-radio?utm_source=google&utm_medium=cpc
Streaming Rádio,streaming para rádio,streaming rádio online,Phrase,https://midiaserver.com.br/lp/streaming-radio?utm_source=google&utm_medium=cpc
Streaming Rádio,streaming para rádio,streaming para web rádio,Exact,https://midiaserver.com.br/lp/streaming-radio?utm_source=google&utm_medium=cpc
Streaming Rádio,streaming para rádio,streaming para web rádio,Phrase,https://midiaserver.com.br/lp/streaming-radio?utm_source=google&utm_medium=cpc
Streaming Rádio,streaming para rádio,servidor de streaming para rádio,Exact,https://midiaserver.com.br/lp/streaming-radio?utm_source=google&utm_medium=cpc
Streaming Rádio,streaming para rádio,servidor de streaming para rádio,Phrase,https://midiaserver.com.br/lp/streaming-radio?utm_source=google&utm_medium=cpc
Streaming Rádio,streaming para rádio,plano de streaming para rádio,Exact,https://midiaserver.com.br/lp/streaming-radio?utm_source=google&utm_medium=cpc
Streaming Rádio,streaming para rádio,plano de streaming para rádio,Phrase,https://midiaserver.com.br/lp/streaming-radio?utm_source=google&utm_medium=cpc
Streaming Rádio,streaming para rádio,streaming de rádio preço,Exact,https://midiaserver.com.br/lp/streaming-radio?utm_source=google&utm_medium=cpc
Streaming Rádio,streaming para rádio,streaming de rádio preço,Phrase,https://midiaserver.com.br/lp/streaming-radio?utm_source=google&utm_medium=cpc
Streaming Rádio,streaming para rádio,contratar streaming para rádio,Exact,https://midiaserver.com.br/lp/streaming-radio?utm_source=google&utm_medium=cpc
Streaming Rádio,streaming para rádio,contratar streaming para rádio,Phrase,https://midiaserver.com.br/lp/streaming-radio?utm_source=google&utm_medium=cpc
Streaming Rádio,streaming para rádio,streaming para rádio fm e web,Exact,https://midiaserver.com.br/lp/streaming-radio?utm_source=google&utm_medium=cpc
Streaming Rádio,streaming para rádio,streaming para rádio fm e web,Phrase,https://midiaserver.com.br/lp/streaming-radio?utm_source=google&utm_medium=cpc
Streaming Rádio,autodj,autodj,Exact,https://midiaserver.com.br/lp/streaming-radio?utm_source=google&utm_medium=cpc
Streaming Rádio,autodj,autodj,Phrase,https://midiaserver.com.br/lp/streaming-radio?utm_source=google&utm_medium=cpc
Streaming Rádio,autodj,autodj para rádio,Exact,https://midiaserver.com.br/lp/streaming-radio?utm_source=google&utm_medium=cpc
Streaming Rádio,autodj,autodj para rádio,Phrase,https://midiaserver.com.br/lp/streaming-radio?utm_source=google&utm_medium=cpc
Streaming Rádio,autodj,auto dj web rádio,Exact,https://midiaserver.com.br/lp/streaming-radio?utm_source=google&utm_medium=cpc
Streaming Rádio,autodj,auto dj web rádio,Phrase,https://midiaserver.com.br/lp/streaming-radio?utm_source=google&utm_medium=cpc
Streaming Rádio,autodj,servidor autodj,Exact,https://midiaserver.com.br/lp/streaming-radio?utm_source=google&utm_medium=cpc
Streaming Rádio,autodj,servidor autodj,Phrase,https://midiaserver.com.br/lp/streaming-radio?utm_source=google&utm_medium=cpc
Streaming Rádio,autodj,autodj shoutcast,Exact,https://midiaserver.com.br/lp/streaming-radio?utm_source=google&utm_medium=cpc
Streaming Rádio,autodj,autodj shoutcast,Phrase,https://midiaserver.com.br/lp/streaming-radio?utm_source=google&utm_medium=cpc
Streaming Rádio,autodj,autodj icecast,Exact,https://midiaserver.com.br/lp/streaming-radio?utm_source=google&utm_medium=cpc
Streaming Rádio,autodj,autodj icecast,Phrase,https://midiaserver.com.br/lp/streaming-radio?utm_source=google&utm_medium=cpc
Streaming Rádio,autodj,hospedagem autodj,Exact,https://midiaserver.com.br/lp/streaming-radio?utm_source=google&utm_medium=cpc
Streaming Rádio,autodj,hospedagem autodj,Phrase,https://midiaserver.com.br/lp/streaming-radio?utm_source=google&utm_medium=cpc
Streaming Rádio,shoutcast icecast,servidor shoutcast,Exact,https://midiaserver.com.br/lp/streaming-radio?utm_source=google&utm_medium=cpc
Streaming Rádio,shoutcast icecast,servidor shoutcast,Phrase,https://midiaserver.com.br/lp/streaming-radio?utm_source=google&utm_medium=cpc
Streaming Rádio,shoutcast icecast,servidor icecast,Exact,https://midiaserver.com.br/lp/streaming-radio?utm_source=google&utm_medium=cpc
Streaming Rádio,shoutcast icecast,servidor icecast,Phrase,https://midiaserver.com.br/lp/streaming-radio?utm_source=google&utm_medium=cpc
Streaming Rádio,shoutcast icecast,hospedagem shoutcast,Exact,https://midiaserver.com.br/lp/streaming-radio?utm_source=google&utm_medium=cpc
Streaming Rádio,shoutcast icecast,hospedagem shoutcast,Phrase,https://midiaserver.com.br/lp/streaming-radio?utm_source=google&utm_medium=cpc
Streaming Rádio,shoutcast icecast,streaming shoutcast,Exact,https://midiaserver.com.br/lp/streaming-radio?utm_source=google&utm_medium=cpc
Streaming Rádio,shoutcast icecast,streaming shoutcast,Phrase,https://midiaserver.com.br/lp/streaming-radio?utm_source=google&utm_medium=cpc
Streaming Rádio,shoutcast icecast,streaming icecast,Exact,https://midiaserver.com.br/lp/streaming-radio?utm_source=google&utm_medium=cpc
Streaming Rádio,shoutcast icecast,streaming icecast,Phrase,https://midiaserver.com.br/lp/streaming-radio?utm_source=google&utm_medium=cpc
Streaming Rádio,shoutcast icecast,shoutcast brasil,Exact,https://midiaserver.com.br/lp/streaming-radio?utm_source=google&utm_medium=cpc
Streaming Rádio,shoutcast icecast,shoutcast brasil,Phrase,https://midiaserver.com.br/lp/streaming-radio?utm_source=google&utm_medium=cpc
Streaming Rádio,shoutcast icecast,icecast hospedagem,Exact,https://midiaserver.com.br/lp/streaming-radio?utm_source=google&utm_medium=cpc
Streaming Rádio,shoutcast icecast,icecast hospedagem,Phrase,https://midiaserver.com.br/lp/streaming-radio?utm_source=google&utm_medium=cpc
Hospedagem cPanel,hospedagem de sites,hospedagem de sites,Exact,https://midiaserver.com.br/lp/hospedagem-cpanel?utm_source=google&utm_medium=cpc
Hospedagem cPanel,hospedagem de sites,hospedagem de sites,Phrase,https://midiaserver.com.br/lp/hospedagem-cpanel?utm_source=google&utm_medium=cpc
Hospedagem cPanel,hospedagem de sites,hospedagem de site,Exact,https://midiaserver.com.br/lp/hospedagem-cpanel?utm_source=google&utm_medium=cpc
Hospedagem cPanel,hospedagem de sites,hospedagem de site,Phrase,https://midiaserver.com.br/lp/hospedagem-cpanel?utm_source=google&utm_medium=cpc
Hospedagem cPanel,hospedagem de sites,hospedagem de site profissional,Exact,https://midiaserver.com.br/lp/hospedagem-cpanel?utm_source=google&utm_medium=cpc
Hospedagem cPanel,hospedagem de sites,hospedagem de site profissional,Phrase,https://midiaserver.com.br/lp/hospedagem-cpanel?utm_source=google&utm_medium=cpc
Hospedagem cPanel,hospedagem de sites,plano de hospedagem de sites,Exact,https://midiaserver.com.br/lp/hospedagem-cpanel?utm_source=google&utm_medium=cpc
Hospedagem cPanel,hospedagem de sites,plano de hospedagem de sites,Phrase,https://midiaserver.com.br/lp/hospedagem-cpanel?utm_source=google&utm_medium=cpc
Hospedagem cPanel,hospedagem de sites,contratar hospedagem de site,Exact,https://midiaserver.com.br/lp/hospedagem-cpanel?utm_source=google&utm_medium=cpc
Hospedagem cPanel,hospedagem de sites,contratar hospedagem de site,Phrase,https://midiaserver.com.br/lp/hospedagem-cpanel?utm_source=google&utm_medium=cpc
Hospedagem cPanel,hospedagem de sites,hospedagem para site institucional,Exact,https://midiaserver.com.br/lp/hospedagem-cpanel?utm_source=google&utm_medium=cpc
Hospedagem cPanel,hospedagem de sites,hospedagem para site institucional,Phrase,https://midiaserver.com.br/lp/hospedagem-cpanel?utm_source=google&utm_medium=cpc
Hospedagem cPanel,hospedagem de sites,hospedagem para loja virtual,Exact,https://midiaserver.com.br/lp/hospedagem-cpanel?utm_source=google&utm_medium=cpc
Hospedagem cPanel,hospedagem de sites,hospedagem para loja virtual,Phrase,https://midiaserver.com.br/lp/hospedagem-cpanel?utm_source=google&utm_medium=cpc
Hospedagem cPanel,hospedagem cpanel,hospedagem cpanel,Exact,https://midiaserver.com.br/lp/hospedagem-cpanel?utm_source=google&utm_medium=cpc
Hospedagem cPanel,hospedagem cpanel,hospedagem cpanel,Phrase,https://midiaserver.com.br/lp/hospedagem-cpanel?utm_source=google&utm_medium=cpc
Hospedagem cPanel,hospedagem cpanel,hospedagem com cpanel,Exact,https://midiaserver.com.br/lp/hospedagem-cpanel?utm_source=google&utm_medium=cpc
Hospedagem cPanel,hospedagem cpanel,hospedagem com cpanel,Phrase,https://midiaserver.com.br/lp/hospedagem-cpanel?utm_source=google&utm_medium=cpc
Hospedagem cPanel,hospedagem cpanel,hospedagem de sites cpanel,Exact,https://midiaserver.com.br/lp/hospedagem-cpanel?utm_source=google&utm_medium=cpc
Hospedagem cPanel,hospedagem cpanel,hospedagem de sites cpanel,Phrase,https://midiaserver.com.br/lp/hospedagem-cpanel?utm_source=google&utm_medium=cpc
Hospedagem cPanel,hospedagem cpanel,plano de hospedagem cpanel,Exact,https://midiaserver.com.br/lp/hospedagem-cpanel?utm_source=google&utm_medium=cpc
Hospedagem cPanel,hospedagem cpanel,plano de hospedagem cpanel,Phrase,https://midiaserver.com.br/lp/hospedagem-cpanel?utm_source=google&utm_medium=cpc
Hospedagem cPanel,hospedagem cpanel,hospedagem cpanel brasil,Exact,https://midiaserver.com.br/lp/hospedagem-cpanel?utm_source=google&utm_medium=cpc
Hospedagem cPanel,hospedagem cpanel,hospedagem cpanel brasil,Phrase,https://midiaserver.com.br/lp/hospedagem-cpanel?utm_source=google&utm_medium=cpc
Hospedagem cPanel,hospedagem cpanel,cpanel hospedagem preço,Exact,https://midiaserver.com.br/lp/hospedagem-cpanel?utm_source=google&utm_medium=cpc
Hospedagem cPanel,hospedagem cpanel,cpanel hospedagem preço,Phrase,https://midiaserver.com.br/lp/hospedagem-cpanel?utm_source=google&utm_medium=cpc
Hospedagem cPanel,hospedagem ssl nvme,hospedagem com ssl grátis,Exact,https://midiaserver.com.br/lp/hospedagem-cpanel?utm_source=google&utm_medium=cpc
Hospedagem cPanel,hospedagem ssl nvme,hospedagem com ssl grátis,Phrase,https://midiaserver.com.br/lp/hospedagem-cpanel?utm_source=google&utm_medium=cpc
Hospedagem cPanel,hospedagem ssl nvme,hospedagem nvme,Exact,https://midiaserver.com.br/lp/hospedagem-cpanel?utm_source=google&utm_medium=cpc
Hospedagem cPanel,hospedagem ssl nvme,hospedagem nvme,Phrase,https://midiaserver.com.br/lp/hospedagem-cpanel?utm_source=google&utm_medium=cpc
Hospedagem cPanel,hospedagem ssl nvme,hospedagem ssd nvme,Exact,https://midiaserver.com.br/lp/hospedagem-cpanel?utm_source=google&utm_medium=cpc
Hospedagem cPanel,hospedagem ssl nvme,hospedagem ssd nvme,Phrase,https://midiaserver.com.br/lp/hospedagem-cpanel?utm_source=google&utm_medium=cpc
Hospedagem cPanel,hospedagem ssl nvme,hospedagem com certificado ssl,Exact,https://midiaserver.com.br/lp/hospedagem-cpanel?utm_source=google&utm_medium=cpc
Hospedagem cPanel,hospedagem ssl nvme,hospedagem com certificado ssl,Phrase,https://midiaserver.com.br/lp/hospedagem-cpanel?utm_source=google&utm_medium=cpc
Hospedagem cPanel,hospedagem ssl nvme,hospedagem wordpress,Exact,https://midiaserver.com.br/lp/hospedagem-cpanel?utm_source=google&utm_medium=cpc
Hospedagem cPanel,hospedagem ssl nvme,hospedagem wordpress,Phrase,https://midiaserver.com.br/lp/hospedagem-cpanel?utm_source=google&utm_medium=cpc
Hospedagem cPanel,hospedagem ssl nvme,hospedagem wordpress cpanel,Exact,https://midiaserver.com.br/lp/hospedagem-cpanel?utm_source=google&utm_medium=cpc
Hospedagem cPanel,hospedagem ssl nvme,hospedagem wordpress cpanel,Phrase,https://midiaserver.com.br/lp/hospedagem-cpanel?utm_source=google&utm_medium=cpc
Revenda Hospedagem,revenda de hospedagem,revenda de hospedagem,Exact,https://midiaserver.com.br/lp/revenda-hospedagem?utm_source=google&utm_medium=cpc
Revenda Hospedagem,revenda de hospedagem,revenda de hospedagem,Phrase,https://midiaserver.com.br/lp/revenda-hospedagem?utm_source=google&utm_medium=cpc
Revenda Hospedagem,revenda de hospedagem,revenda de hospedagem cpanel,Exact,https://midiaserver.com.br/lp/revenda-hospedagem?utm_source=google&utm_medium=cpc
Revenda Hospedagem,revenda de hospedagem,revenda de hospedagem cpanel,Phrase,https://midiaserver.com.br/lp/revenda-hospedagem?utm_source=google&utm_medium=cpc
Revenda Hospedagem,revenda de hospedagem,plano de revenda de hospedagem,Exact,https://midiaserver.com.br/lp/revenda-hospedagem?utm_source=google&utm_medium=cpc
Revenda Hospedagem,revenda de hospedagem,plano de revenda de hospedagem,Phrase,https://midiaserver.com.br/lp/revenda-hospedagem?utm_source=google&utm_medium=cpc
Revenda Hospedagem,revenda de hospedagem,revenda de hospedagem whm,Exact,https://midiaserver.com.br/lp/revenda-hospedagem?utm_source=google&utm_medium=cpc
Revenda Hospedagem,revenda de hospedagem,revenda de hospedagem whm,Phrase,https://midiaserver.com.br/lp/revenda-hospedagem?utm_source=google&utm_medium=cpc
Revenda Hospedagem,revenda de hospedagem,revenda de hospedagem com marca própria,Exact,https://midiaserver.com.br/lp/revenda-hospedagem?utm_source=google&utm_medium=cpc
Revenda Hospedagem,revenda de hospedagem,revenda de hospedagem com marca própria,Phrase,https://midiaserver.com.br/lp/revenda-hospedagem?utm_source=google&utm_medium=cpc
Revenda Hospedagem,revenda de hospedagem,contratar revenda de hospedagem,Exact,https://midiaserver.com.br/lp/revenda-hospedagem?utm_source=google&utm_medium=cpc
Revenda Hospedagem,revenda de hospedagem,contratar revenda de hospedagem,Phrase,https://midiaserver.com.br/lp/revenda-hospedagem?utm_source=google&utm_medium=cpc
Revenda Hospedagem,abrir empresa de hospedagem,abrir empresa de hospedagem,Exact,https://midiaserver.com.br/lp/revenda-hospedagem?utm_source=google&utm_medium=cpc
Revenda Hospedagem,abrir empresa de hospedagem,abrir empresa de hospedagem,Phrase,https://midiaserver.com.br/lp/revenda-hospedagem?utm_source=google&utm_medium=cpc
Revenda Hospedagem,abrir empresa de hospedagem,como ser revendedor de hospedagem,Exact,https://midiaserver.com.br/lp/revenda-hospedagem?utm_source=google&utm_medium=cpc
Revenda Hospedagem,abrir empresa de hospedagem,como ser revendedor de hospedagem,Phrase,https://midiaserver.com.br/lp/revenda-hospedagem?utm_source=google&utm_medium=cpc
Revenda Hospedagem,abrir empresa de hospedagem,revender hospedagem,Exact,https://midiaserver.com.br/lp/revenda-hospedagem?utm_source=google&utm_medium=cpc
Revenda Hospedagem,abrir empresa de hospedagem,revender hospedagem,Phrase,https://midiaserver.com.br/lp/revenda-hospedagem?utm_source=google&utm_medium=cpc
Revenda Hospedagem,abrir empresa de hospedagem,montar empresa de hospedagem,Exact,https://midiaserver.com.br/lp/revenda-hospedagem?utm_source=google&utm_medium=cpc
Revenda Hospedagem,abrir empresa de hospedagem,montar empresa de hospedagem,Phrase,https://midiaserver.com.br/lp/revenda-hospedagem?utm_source=google&utm_medium=cpc
Revenda Hospedagem,abrir empresa de hospedagem,revenda cpanel whm,Exact,https://midiaserver.com.br/lp/revenda-hospedagem?utm_source=google&utm_medium=cpc
Revenda Hospedagem,abrir empresa de hospedagem,revenda cpanel whm,Phrase,https://midiaserver.com.br/lp/revenda-hospedagem?utm_source=google&utm_medium=cpc
Revenda Streaming,revenda de streaming,revenda de streaming,Exact,https://midiaserver.com.br/lp/revenda-streaming?utm_source=google&utm_medium=cpc
Revenda Streaming,revenda de streaming,revenda de streaming,Phrase,https://midiaserver.com.br/lp/revenda-streaming?utm_source=google&utm_medium=cpc
Revenda Streaming,revenda de streaming,revenda de streaming de rádio,Exact,https://midiaserver.com.br/lp/revenda-streaming?utm_source=google&utm_medium=cpc
Revenda Streaming,revenda de streaming,revenda de streaming de rádio,Phrase,https://midiaserver.com.br/lp/revenda-streaming?utm_source=google&utm_medium=cpc
Revenda Streaming,revenda de streaming,revenda de streaming de áudio,Exact,https://midiaserver.com.br/lp/revenda-streaming?utm_source=google&utm_medium=cpc
Revenda Streaming,revenda de streaming,revenda de streaming de áudio,Phrase,https://midiaserver.com.br/lp/revenda-streaming?utm_source=google&utm_medium=cpc
Revenda Streaming,revenda de streaming,plano de revenda de streaming,Exact,https://midiaserver.com.br/lp/revenda-streaming?utm_source=google&utm_medium=cpc
Revenda Streaming,revenda de streaming,plano de revenda de streaming,Phrase,https://midiaserver.com.br/lp/revenda-streaming?utm_source=google&utm_medium=cpc
Revenda Streaming,revenda de streaming,revender streaming para rádio,Exact,https://midiaserver.com.br/lp/revenda-streaming?utm_source=google&utm_medium=cpc
Revenda Streaming,revenda de streaming,revender streaming para rádio,Phrase,https://midiaserver.com.br/lp/revenda-streaming?utm_source=google&utm_medium=cpc
Revenda Streaming,revenda de streaming,revenda de streaming marca própria,Exact,https://midiaserver.com.br/lp/revenda-streaming?utm_source=google&utm_medium=cpc
Revenda Streaming,revenda de streaming,revenda de streaming marca própria,Phrase,https://midiaserver.com.br/lp/revenda-streaming?utm_source=google&utm_medium=cpc
Revenda Streaming,ser revendedor de streaming,ser revendedor de streaming,Exact,https://midiaserver.com.br/lp/revenda-streaming?utm_source=google&utm_medium=cpc
Revenda Streaming,ser revendedor de streaming,ser revendedor de streaming,Phrase,https://midiaserver.com.br/lp/revenda-streaming?utm_source=google&utm_medium=cpc
Revenda Streaming,ser revendedor de streaming,como revender streaming,Exact,https://midiaserver.com.br/lp/revenda-streaming?utm_source=google&utm_medium=cpc
Revenda Streaming,ser revendedor de streaming,como revender streaming,Phrase,https://midiaserver.com.br/lp/revenda-streaming?utm_source=google&utm_medium=cpc
Revenda Streaming,ser revendedor de streaming,montar empresa de streaming,Exact,https://midiaserver.com.br/lp/revenda-streaming?utm_source=google&utm_medium=cpc
Revenda Streaming,ser revendedor de streaming,montar empresa de streaming,Phrase,https://midiaserver.com.br/lp/revenda-streaming?utm_source=google&utm_medium=cpc
Revenda Streaming,ser revendedor de streaming,painel de revenda de streaming,Exact,https://midiaserver.com.br/lp/revenda-streaming?utm_source=google&utm_medium=cpc
Revenda Streaming,ser revendedor de streaming,painel de revenda de streaming,Phrase,https://midiaserver.com.br/lp/revenda-streaming?utm_source=google&utm_medium=cpc
Automação de Rádio,automação de rádio,automação de rádio,Exact,https://midiaserver.com.br/lp/automacao-radio?utm_source=google&utm_medium=cpc
Automação de Rádio,automação de rádio,automação de rádio,Phrase,https://midiaserver.com.br/lp/automacao-radio?utm_source=google&utm_medium=cpc
Automação de Rádio,automação de rádio,automação para rádio,Exact,https://midiaserver.com.br/lp/automacao-radio?utm_source=google&utm_medium=cpc
Automação de Rádio,automação de rádio,automação para rádio,Phrase,https://midiaserver.com.br/lp/automacao-radio?utm_source=google&utm_medium=cpc
Automação de Rádio,automação de rádio,automação de rádio fm,Exact,https://midiaserver.com.br/lp/automacao-radio?utm_source=google&utm_medium=cpc
Automação de Rádio,automação de rádio,automação de rádio fm,Phrase,https://midiaserver.com.br/lp/automacao-radio?utm_source=google&utm_medium=cpc
Automação de Rádio,automação de rádio,automação para web rádio,Exact,https://midiaserver.com.br/lp/automacao-radio?utm_source=google&utm_medium=cpc
Automação de Rádio,automação de rádio,automação para web rádio,Phrase,https://midiaserver.com.br/lp/automacao-radio?utm_source=google&utm_medium=cpc
Automação de Rádio,automação de rádio,automação para rádio comunitária,Exact,https://midiaserver.com.br/lp/automacao-radio?utm_source=google&utm_medium=cpc
Automação de Rádio,automação de rádio,automação para rádio comunitária,Phrase,https://midiaserver.com.br/lp/automacao-radio?utm_source=google&utm_medium=cpc
Automação de Rádio,automação de rádio,software de automação de rádio,Exact,https://midiaserver.com.br/lp/automacao-radio?utm_source=google&utm_medium=cpc
Automação de Rádio,automação de rádio,software de automação de rádio,Phrase,https://midiaserver.com.br/lp/automacao-radio?utm_source=google&utm_medium=cpc
Automação de Rádio,automação de rádio,sistema de automação para rádio,Exact,https://midiaserver.com.br/lp/automacao-radio?utm_source=google&utm_medium=cpc
Automação de Rádio,automação de rádio,sistema de automação para rádio,Phrase,https://midiaserver.com.br/lp/automacao-radio?utm_source=google&utm_medium=cpc
Automação de Rádio,software para rádio,software para rádio,Exact,https://midiaserver.com.br/lp/automacao-radio?utm_source=google&utm_medium=cpc
Automação de Rádio,software para rádio,software para rádio,Phrase,https://midiaserver.com.br/lp/automacao-radio?utm_source=google&utm_medium=cpc
Automação de Rádio,software para rádio,programa para rádio,Exact,https://midiaserver.com.br/lp/automacao-radio?utm_source=google&utm_medium=cpc
Automação de Rádio,software para rádio,programa para rádio,Phrase,https://midiaserver.com.br/lp/automacao-radio?utm_source=google&utm_medium=cpc
Automação de Rádio,software para rádio,programa para rádio fm,Exact,https://midiaserver.com.br/lp/automacao-radio?utm_source=google&utm_medium=cpc
Automação de Rádio,software para rádio,programa para rádio fm,Phrase,https://midiaserver.com.br/lp/automacao-radio?utm_source=google&utm_medium=cpc
Automação de Rádio,software para rádio,programa para web rádio,Exact,https://midiaserver.com.br/lp/automacao-radio?utm_source=google&utm_medium=cpc
Automação de Rádio,software para rádio,programa para web rádio,Phrase,https://midiaserver.com.br/lp/automacao-radio?utm_source=google&utm_medium=cpc
Automação de Rádio,software para rádio,programa de automação de rádio,Exact,https://midiaserver.com.br/lp/automacao-radio?utm_source=google&utm_medium=cpc
Automação de Rádio,software para rádio,programa de automação de rádio,Phrase,https://midiaserver.com.br/lp/automacao-radio?utm_source=google&utm_medium=cpc
Automação de Rádio,software para rádio,software de playout rádio,Exact,https://midiaserver.com.br/lp/automacao-radio?utm_source=google&utm_medium=cpc
Automação de Rádio,software para rádio,software de playout rádio,Phrase,https://midiaserver.com.br/lp/automacao-radio?utm_source=google&utm_medium=cpc
Automação de Rádio,cartucheira e hora certa,cartucheira de vinhetas,Exact,https://midiaserver.com.br/lp/automacao-radio?utm_source=google&utm_medium=cpc
Automação de Rádio,cartucheira e hora certa,cartucheira de vinhetas,Phrase,https://midiaserver.com.br/lp/automacao-radio?utm_source=google&utm_medium=cpc
Automação de Rádio,cartucheira e hora certa,cartucheira para rádio,Exact,https://midiaserver.com.br/lp/automacao-radio?utm_source=google&utm_medium=cpc
Automação de Rádio,cartucheira e hora certa,cartucheira para rádio,Phrase,https://midiaserver.com.br/lp/automacao-radio?utm_source=google&utm_medium=cpc
Automação de Rádio,cartucheira e hora certa,hora certa para rádio,Exact,https://midiaserver.com.br/lp/automacao-radio?utm_source=google&utm_medium=cpc
Automação de Rádio,cartucheira e hora certa,hora certa para rádio,Phrase,https://midiaserver.com.br/lp/automacao-radio?utm_source=google&utm_medium=cpc
Automação de Rádio,cartucheira e hora certa,programa hora certa rádio,Exact,https://midiaserver.com.br/lp/automacao-radio?utm_source=google&utm_medium=cpc
Automação de Rádio,cartucheira e hora certa,programa hora certa rádio,Phrase,https://midiaserver.com.br/lp/automacao-radio?utm_source=google&utm_medium=cpc
Automação de Rádio,cartucheira e hora certa,grade de programação rádio,Exact,https://midiaserver.com.br/lp/automacao-radio?utm_source=google&utm_medium=cpc
Automação de Rádio,cartucheira e hora certa,grade de programação rádio,Phrase,https://midiaserver.com.br/lp/automacao-radio?utm_source=google&utm_medium=cpc
Automação de Rádio,cartucheira e hora certa,playlist com mixagem rádio,Exact,https://midiaserver.com.br/lp/automacao-radio?utm_source=google&utm_medium=cpc
Automação de Rádio,cartucheira e hora certa,playlist com mixagem rádio,Phrase,https://midiaserver.com.br/lp/automacao-radio?utm_source=google&utm_medium=cpc
Conteúdos para Rádios,programas para rádio,programas para rádio,Exact,https://midiaserver.com.br/lp/conteudos-para-radio?utm_source=google&utm_medium=cpc
Conteúdos para Rádios,programas para rádio,programas para rádio,Phrase,https://midiaserver.com.br/lp/conteudos-para-radio?utm_source=google&utm_medium=cpc
Conteúdos para Rádios,programas para rádio,programas para rádio fm,Exact,https://midiaserver.com.br/lp/conteudos-para-radio?utm_source=google&utm_medium=cpc
Conteúdos para Rádios,programas para rádio,programas para rádio fm,Phrase,https://midiaserver.com.br/lp/conteudos-para-radio?utm_source=google&utm_medium=cpc
Conteúdos para Rádios,programas para rádio,programas para web rádio,Exact,https://midiaserver.com.br/lp/conteudos-para-radio?utm_source=google&utm_medium=cpc
Conteúdos para Rádios,programas para rádio,programas para web rádio,Phrase,https://midiaserver.com.br/lp/conteudos-para-radio?utm_source=google&utm_medium=cpc
Conteúdos para Rádios,programas para rádio,programas de rádio prontos,Exact,https://midiaserver.com.br/lp/conteudos-para-radio?utm_source=google&utm_medium=cpc
Conteúdos para Rádios,programas para rádio,programas de rádio prontos,Phrase,https://midiaserver.com.br/lp/conteudos-para-radio?utm_source=google&utm_medium=cpc
Conteúdos para Rádios,programas para rádio,programas gravados para rádio,Exact,https://midiaserver.com.br/lp/conteudos-para-radio?utm_source=google&utm_medium=cpc
Conteúdos para Rádios,programas para rádio,programas gravados para rádio,Phrase,https://midiaserver.com.br/lp/conteudos-para-radio?utm_source=google&utm_medium=cpc
Conteúdos para Rádios,programas para rádio,programas gospel para rádio,Exact,https://midiaserver.com.br/lp/conteudos-para-radio?utm_source=google&utm_medium=cpc
Conteúdos para Rádios,programas para rádio,programas gospel para rádio,Phrase,https://midiaserver.com.br/lp/conteudos-para-radio?utm_source=google&utm_medium=cpc
Conteúdos para Rádios,programas para rádio,programas sertanejos para rádio,Exact,https://midiaserver.com.br/lp/conteudos-para-radio?utm_source=google&utm_medium=cpc
Conteúdos para Rádios,programas para rádio,programas sertanejos para rádio,Phrase,https://midiaserver.com.br/lp/conteudos-para-radio?utm_source=google&utm_medium=cpc
Conteúdos para Rádios,programetes,programetes para rádio,Exact,https://midiaserver.com.br/lp/conteudos-para-radio?utm_source=google&utm_medium=cpc
Conteúdos para Rádios,programetes,programetes para rádio,Phrase,https://midiaserver.com.br/lp/conteudos-para-radio?utm_source=google&utm_medium=cpc
Conteúdos para Rádios,programetes,programete para rádio,Exact,https://midiaserver.com.br/lp/conteudos-para-radio?utm_source=google&utm_medium=cpc
Conteúdos para Rádios,programetes,programete para rádio,Phrase,https://midiaserver.com.br/lp/conteudos-para-radio?utm_source=google&utm_medium=cpc
Conteúdos para Rádios,programetes,quadros para rádio,Exact,https://midiaserver.com.br/lp/conteudos-para-radio?utm_source=google&utm_medium=cpc
Conteúdos para Rádios,programetes,quadros para rádio,Phrase,https://midiaserver.com.br/lp/conteudos-para-radio?utm_source=google&utm_medium=cpc
Conteúdos para Rádios,programetes,programetes de notícias para rádio,Exact,https://midiaserver.com.br/lp/conteudos-para-radio?utm_source=google&utm_medium=cpc
Conteúdos para Rádios,programetes,programetes de notícias para rádio,Phrase,https://midiaserver.com.br/lp/conteudos-para-radio?utm_source=google&utm_medium=cpc
Conteúdos para Rádios,programetes,programetes de humor para rádio,Exact,https://midiaserver.com.br/lp/conteudos-para-radio?utm_source=google&utm_medium=cpc
Conteúdos para Rádios,programetes,programetes de humor para rádio,Phrase,https://midiaserver.com.br/lp/conteudos-para-radio?utm_source=google&utm_medium=cpc
Conteúdos para Rádios,conteúdo para rádio,conteúdo para rádio,Exact,https://midiaserver.com.br/lp/conteudos-para-radio?utm_source=google&utm_medium=cpc
Conteúdos para Rádios,conteúdo para rádio,conteúdo para rádio,Phrase,https://midiaserver.com.br/lp/conteudos-para-radio?utm_source=google&utm_medium=cpc
Conteúdos para Rádios,conteúdo para rádio,conteúdo para web rádio,Exact,https://midiaserver.com.br/lp/conteudos-para-radio?utm_source=google&utm_medium=cpc
Conteúdos para Rádios,conteúdo para rádio,conteúdo para web rádio,Phrase,https://midiaserver.com.br/lp/conteudos-para-radio?utm_source=google&utm_medium=cpc
Conteúdos para Rádios,conteúdo para rádio,conteúdo para rádio fm,Exact,https://midiaserver.com.br/lp/conteudos-para-radio?utm_source=google&utm_medium=cpc
Conteúdos para Rádios,conteúdo para rádio,conteúdo para rádio fm,Phrase,https://midiaserver.com.br/lp/conteudos-para-radio?utm_source=google&utm_medium=cpc
Conteúdos para Rádios,conteúdo para rádio,conteúdo para rádio comunitária,Exact,https://midiaserver.com.br/lp/conteudos-para-radio?utm_source=google&utm_medium=cpc
Conteúdos para Rádios,conteúdo para rádio,conteúdo para rádio comunitária,Phrase,https://midiaserver.com.br/lp/conteudos-para-radio?utm_source=google&utm_medium=cpc
Conteúdos para Rádios,conteúdo para rádio,conteúdo para rádio fim de semana,Exact,https://midiaserver.com.br/lp/conteudos-para-radio?utm_source=google&utm_medium=cpc
Conteúdos para Rádios,conteúdo para rádio,conteúdo para rádio fim de semana,Phrase,https://midiaserver.com.br/lp/conteudos-para-radio?utm_source=google&utm_medium=cpc
Sites para Rádio,site para rádio,site para rádio,Exact,https://midiaserver.com.br/lp/site-para-radio?utm_source=google&utm_medium=cpc
Sites para Rádio,site para rádio,site para rádio,Phrase,https://midiaserver.com.br/lp/site-para-radio?utm_source=google&utm_medium=cpc
Sites para Rádio,site para rádio,site para web rádio,Exact,https://midiaserver.com.br/lp/site-para-radio?utm_source=google&utm_medium=cpc
Sites para Rádio,site para rádio,site para web rádio,Phrase,https://midiaserver.com.br/lp/site-para-radio?utm_source=google&utm_medium=cpc
Sites para Rádio,site para rádio,site para rádio online,Exact,https://midiaserver.com.br/lp/site-para-radio?utm_source=google&utm_medium=cpc
Sites para Rádio,site para rádio,site para rádio online,Phrase,https://midiaserver.com.br/lp/site-para-radio?utm_source=google&utm_medium=cpc
Sites para Rádio,site para rádio,site para rádio com player,Exact,https://midiaserver.com.br/lp/site-para-radio?utm_source=google&utm_medium=cpc
Sites para Rádio,site para rádio,site para rádio com player,Phrase,https://midiaserver.com.br/lp/site-para-radio?utm_source=google&utm_medium=cpc
Sites para Rádio,site para rádio,criar site para rádio,Exact,https://midiaserver.com.br/lp/site-para-radio?utm_source=google&utm_medium=cpc
Sites para Rádio,site para rádio,criar site para rádio,Phrase,https://midiaserver.com.br/lp/site-para-radio?utm_source=google&utm_medium=cpc
Sites para Rádio,site para rádio,site profissional para rádio,Exact,https://midiaserver.com.br/lp/site-para-radio?utm_source=google&utm_medium=cpc
Sites para Rádio,site para rádio,site profissional para rádio,Phrase,https://midiaserver.com.br/lp/site-para-radio?utm_source=google&utm_medium=cpc
Sites para Rádio,modelos de site,modelos de site para rádio,Exact,https://midiaserver.com.br/lp/site-para-radio?utm_source=google&utm_medium=cpc
Sites para Rádio,modelos de site,modelos de site para rádio,Phrase,https://midiaserver.com.br/lp/site-para-radio?utm_source=google&utm_medium=cpc
Sites para Rádio,modelos de site,template site rádio,Exact,https://midiaserver.com.br/lp/site-para-radio?utm_source=google&utm_medium=cpc
Sites para Rádio,modelos de site,template site rádio,Phrase,https://midiaserver.com.br/lp/site-para-radio?utm_source=google&utm_medium=cpc
Sites para Rádio,modelos de site,template para web rádio,Exact,https://midiaserver.com.br/lp/site-para-radio?utm_source=google&utm_medium=cpc
Sites para Rádio,modelos de site,template para web rádio,Phrase,https://midiaserver.com.br/lp/site-para-radio?utm_source=google&utm_medium=cpc
Sites para Rádio,modelos de site,tema para rádio online,Exact,https://midiaserver.com.br/lp/site-para-radio?utm_source=google&utm_medium=cpc
Sites para Rádio,modelos de site,tema para rádio online,Phrase,https://midiaserver.com.br/lp/site-para-radio?utm_source=google&utm_medium=cpc
Sites para Rádio,modelos de site,site de rádio pronto,Exact,https://midiaserver.com.br/lp/site-para-radio?utm_source=google&utm_medium=cpc
Sites para Rádio,modelos de site,site de rádio pronto,Phrase,https://midiaserver.com.br/lp/site-para-radio?utm_source=google&utm_medium=cpc
Web Rádio Completa,criar rádio online,criar rádio online,Exact,https://midiaserver.com.br/lp/web-radio-completa?utm_source=google&utm_medium=cpc
Web Rádio Completa,criar rádio online,criar rádio online,Phrase,https://midiaserver.com.br/lp/web-radio-completa?utm_source=google&utm_medium=cpc
Web Rádio Completa,criar rádio online,como criar uma rádio online,Exact,https://midiaserver.com.br/lp/web-radio-completa?utm_source=google&utm_medium=cpc
Web Rádio Completa,criar rádio online,como criar uma rádio online,Phrase,https://midiaserver.com.br/lp/web-radio-completa?utm_source=google&utm_medium=cpc
Web Rádio Completa,criar rádio online,criar uma web rádio,Exact,https://midiaserver.com.br/lp/web-radio-completa?utm_source=google&utm_medium=cpc
Web Rádio Completa,criar rádio online,criar uma web rádio,Phrase,https://midiaserver.com.br/lp/web-radio-completa?utm_source=google&utm_medium=cpc
Web Rádio Completa,criar rádio online,como montar uma web rádio,Exact,https://midiaserver.com.br/lp/web-radio-completa?utm_source=google&utm_medium=cpc
Web Rádio Completa,criar rádio online,como montar uma web rádio,Phrase,https://midiaserver.com.br/lp/web-radio-completa?utm_source=google&utm_medium=cpc
Web Rádio Completa,criar rádio online,montar rádio online,Exact,https://midiaserver.com.br/lp/web-radio-completa?utm_source=google&utm_medium=cpc
Web Rádio Completa,criar rádio online,montar rádio online,Phrase,https://midiaserver.com.br/lp/web-radio-completa?utm_source=google&utm_medium=cpc
Web Rádio Completa,criar rádio online,abrir uma rádio online,Exact,https://midiaserver.com.br/lp/web-radio-completa?utm_source=google&utm_medium=cpc
Web Rádio Completa,criar rádio online,abrir uma rádio online,Phrase,https://midiaserver.com.br/lp/web-radio-completa?utm_source=google&utm_medium=cpc
Web Rádio Completa,web rádio completa,web rádio completa,Exact,https://midiaserver.com.br/lp/web-radio-completa?utm_source=google&utm_medium=cpc
Web Rádio Completa,web rádio completa,web rádio completa,Phrase,https://midiaserver.com.br/lp/web-radio-completa?utm_source=google&utm_medium=cpc
Web Rádio Completa,web rádio completa,pacote web rádio,Exact,https://midiaserver.com.br/lp/web-radio-completa?utm_source=google&utm_medium=cpc
Web Rádio Completa,web rádio completa,pacote web rádio,Phrase,https://midiaserver.com.br/lp/web-radio-completa?utm_source=google&utm_medium=cpc
Web Rádio Completa,web rádio completa,rádio online com site,Exact,https://midiaserver.com.br/lp/web-radio-completa?utm_source=google&utm_medium=cpc
Web Rádio Completa,web rádio completa,rádio online com site,Phrase,https://midiaserver.com.br/lp/web-radio-completa?utm_source=google&utm_medium=cpc
Web Rádio Completa,web rádio completa,streaming e site para rádio,Exact,https://midiaserver.com.br/lp/web-radio-completa?utm_source=google&utm_medium=cpc
Web Rádio Completa,web rádio completa,streaming e site para rádio,Phrase,https://midiaserver.com.br/lp/web-radio-completa?utm_source=google&utm_medium=cpc
Marca,marca,mídia server,Exact,https://midiaserver.com.br/?utm_source=google&utm_medium=cpc
Marca,marca,mídia server,Phrase,https://midiaserver.com.br/?utm_source=google&utm_medium=cpc
Marca,marca,midia server,Exact,https://midiaserver.com.br/?utm_source=google&utm_medium=cpc
Marca,marca,midia server,Phrase,https://midiaserver.com.br/?utm_source=google&utm_medium=cpc
Marca,marca,midiaserver,Exact,https://midiaserver.com.br/?utm_source=google&utm_medium=cpc
Marca,marca,midiaserver,Phrase,https://midiaserver.com.br/?utm_source=google&utm_medium=cpc
Marca,marca,mídia server hospedagem,Exact,https://midiaserver.com.br/?utm_source=google&utm_medium=cpc
Marca,marca,mídia server hospedagem,Phrase,https://midiaserver.com.br/?utm_source=google&utm_medium=cpc
Marca,marca,mídia server streaming,Exact,https://midiaserver.com.br/?utm_source=google&utm_medium=cpc
Marca,marca,mídia server streaming,Phrase,https://midiaserver.com.br/?utm_source=google&utm_medium=cpc
Marca,marca,midia server rádio,Exact,https://midiaserver.com.br/?utm_source=google&utm_medium=cpc
Marca,marca,midia server rádio,Phrase,https://midiaserver.com.br/?utm_source=google&utm_medium=cpc
Marca,marca,mídia rádio studio,Exact,https://midiaserver.com.br/?utm_source=google&utm_medium=cpc
Marca,marca,mídia rádio studio,Phrase,https://midiaserver.com.br/?utm_source=google&utm_medium=cpc
Marca,marca,midia radio studio,Exact,https://midiaserver.com.br/?utm_source=google&utm_medium=cpc
Marca,marca,midia radio studio,Phrase,https://midiaserver.com.br/?utm_source=google&utm_medium=cpc
